<?xml version="1.0" ?>
<PropertyList>
    <path>Pedals-R.ac</path>
    <animation>
        <type>noshadow</type>
        <object-name>Pedals</object-name>
    </animation>
    
    <animation>
        <type>rotate</type>
        <object-name>Pedal.L</object-name>
        <object-name>Tubes.L</object-name>
        <property>controls/flight/rudder</property>
        <factor>-20</factor>
        <axis>
            <x>0.0</x>
            <y>1.0</y>
            <z>0.0</z>
        </axis>
        <center>
            <x-m>0.00376</x-m>
            <y-m>0</y-m>
            <z-m>0.18553</z-m>
        </center>
    </animation>

    <animation>
        <type>rotate</type>
        <object-name>Pedal.L</object-name>
        <property>controls/flight/rudder</property>
        <factor>20</factor>
        <axis>
            <x>0.0</x>
            <y>1.0</y>
            <z>0.0</z>
        </axis>
        <center>
            <x-m>0.0170201</x-m>
            <y-m>0</y-m>
            <z-m>-0.0965262</z-m>
        </center>
    </animation>

    <animation>
        <type>rotate</type>
        <object-name>Pedal.L</object-name>
        <property>controls/gear/brake-left</property>
        <factor>-10</factor>
        <axis>
            <x>0.0</x>
            <y>1.0</y>
            <z>0.0</z>
        </axis>
        <center>
            <x-m>0.0170201</x-m>
            <y-m>0</y-m>
            <z-m>-0.0965262</z-m>
        </center>
    </animation>

    <animation>
        <type>rotate</type>
        <object-name>Pedal.R</object-name>
        <object-name>Tubes.R</object-name>
        <property>controls/flight/rudder</property>
        <factor>20</factor>
        <axis>
            <x>0.0</x>
            <y>1.0</y>
            <z>0.0</z>
        </axis>
        <center>
            <x-m>0.00376</x-m>
            <y-m>0</y-m>
            <z-m>0.18553</z-m>
        </center>
    </animation>

    <animation>
        <type>rotate</type>
        <object-name>Pedal.R</object-name>
        <property>controls/flight/rudder</property>
        <factor>-20</factor>
        <axis>
            <x>0.0</x>
            <y>1.0</y>
            <z>0.0</z>
        </axis>
        <center>
            <x-m>0.0170201</x-m>
            <y-m>0</y-m>
            <z-m>-0.0965262</z-m>
        </center>
    </animation>

    <animation>
        <type>rotate</type>
        <object-name>Pedal.R</object-name>
        <property>controls/gear/brake-right</property>
        <factor>-10</factor>
        <axis>
            <x>0.0</x>
            <y>1.0</y>
            <z>0.0</z>
        </axis>
        <center>
            <x-m>0.0170201</x-m>
            <y-m>0</y-m>
            <z-m>-0.0965262</z-m>
        </center>
    </animation>
</PropertyList>
