<?xml version="1.0"?>

<!DOCTYPE PropertyList SYSTEM "panel.dtd">

<PropertyList>

 <name>pa28-Panel</name>
 <background>Aircraft/EMB-712/Panel/transparent-bg.rgb</background>
 <w>1024</w>
 <h>768</h>

<instruments>

<instrument>
  <name>panel hotspots</name>
  <x>512</x>
  <y>384</y>
  <w>1024</w>
  <h>768</h>
  <w-base>1024</w-base>
  <h-base>768</h-base>

 <actions> 

   <action>
     <name>left rudder trim</name>
     <button>0</button>
     <x>45</x>
     <y>-321</y>
     <w>16</w>
     <h>25</h>
     <binding>
      <command>property-adjust</command>
      <property>/controls/flight/rudder-trim</property>
      <step>-0.001</step>
     </binding>
   </action>   

   <action>
     <name>right rudder trim</name>
     <button>0</button>
     <x>61</x>
     <y>-321</y>
     <w>16</w>
     <h>25</h>
     <binding>
      <command>property-adjust</command>
      <property>/controls/flight/rudder-trim</property>
      <step>0.001</step>
     </binding>
   </action>   

              Heading Offset             

   <action>
     <name>small decrease</name>
     <button>0</button>
     <x>-260</x>
     <y>132</y>
     <w>7</w>
     <h>12.5</h>
      <binding>
       <command>property-adjust</command>
       <property>/instrumentation/heading-indicator/offset-deg</property>
       <step>-1</step>
       <min>0</min>
       <max>360</max>
       <wrap>1</wrap>
     </binding>
   </action>
   
   <action>
     <name>large decrease</name>
     <button>1</button>
     <x>-260</x>
     <y>132</y>
     <w>7</w>
     <h>12.5</h>
     <binding>
       <command>property-adjust</command>
       <property>/instrumentation/heading-indicator/offset-deg</property>
       <step>-5</step>
       <min>0</min>
       <max>360</max>
       <wrap>1</wrap>
     </binding>
   </action>
   
   <action>
     <name>small increase</name>
     <button>0</button>
     <x>-253</x>
     <y>132</y>
     <w>7</w>
     <h>12.5</h>
     <binding>
       <command>property-adjust</command>
       <property>/instrumentation/heading-indicator/offset-deg</property>
       <step>1</step>
       <min>0</min>
       <max>360</max>
       <wrap>1</wrap>
     </binding>
   </action>
   
   <action>
     <name>large increase</name>
     <button>1</button>
     <x>-253</x>
     <y>132</y>
     <w>7</w>
     <h>12.5</h>
     <binding>
       <command>property-adjust</command>
       <property>/instrumentation/heading-indicator/offset-deg</property>
       <step>5</step>
       <min>0</min>
       <max>360</max>
       <wrap>1</wrap>
     </binding>
   </action>

            Autopilot HdgBug           

   <action>
     <name>small decrease</name>
     <button>0</button>
     <x>-203.0</x>
     <y>132</y>
     <w>7</w>
     <h>12.5</h>
     <binding>
       <command>property-adjust</command>
       <property>/autopilot/settings/heading-bug-deg</property>
       <step>-1</step>
       <min>0</min>
       <max>360</max>
       <wrap>1</wrap>
     </binding>
   </action>
   
   <action>
     <name>large decrease</name>
     <button>1</button>
     <x>-203</x>
     <y>132</y>
     <w>7</w>
     <h>12.5</h>
     <binding>
       <command>property-adjust</command>
       <property>/autopilot/settings/heading-bug-deg</property>
       <step>-5</step>
       <min>0</min>
       <max>360</max>
       <wrap>1</wrap>
     </binding>
   </action>
   
   <action>
     <name>small increase</name>
     <button>0</button>
     <x>-196</x>
     <y>132</y>
     <w>7</w>
     <h>12.5</h>
     <binding>
       <command>property-adjust</command>
       <property>/autopilot/settings/heading-bug-deg</property>
       <step>1</step>
       <min>0</min>
       <max>360</max>
       <wrap>1</wrap>
     </binding>
   </action>
   
   <action>
     <name>large increase</name>
     <button>1</button>
     <x>-196</x>
     <y>132</y>
     <w>7</w>
     <h>12.5</h>
     <binding>
       <command>property-adjust</command>
       <property>/autopilot/settings/heading-bug-deg</property>
       <step>5</step>
       <min>0</min>
       <max>360</max>
       <wrap>1</wrap>
     </binding>
   </action>

		VOR 1 Radial adjust  
   <action>
     <name>small decrease</name>
     <button>0</button>
     <x>-60</x>
     <y>232</y>
     <w>7</w>
     <h>12.5</h>
     <binding>
       <command>property-adjust</command>
       <property>/instrumentation/nav/radials/selected-deg</property>
       <step>-1</step>
       <min>0</min>
       <max>360</max>
       <wrap>1</wrap>
     </binding>
   </action>
   
   <action>
     <name>large decrease</name>
     <button>1</button>
     <x>-60</x>
     <y>232</y>
     <w>7</w>
     <h>12.5</h>
     <binding>
       <command>property-adjust</command>
       <property>/instrumentation/nav/radials/selected-deg</property>
       <step>-5</step>
       <min>0</min>
       <max>360</max>
       <wrap>1</wrap>
     </binding>
   </action>
   
   <action>
     <name>small increase</name>
     <button>0</button>
     <x>-53</x>
     <y>232</y>
     <w>7</w>
     <h>12.5</h>
     <binding>
       <command>property-adjust</command>
       <property>/instrumentation/nav/radials/selected-deg</property>
       <step>1</step>
       <min>0</min>
       <max>360</max>
       <wrap>1</wrap>
     </binding>
   </action>
   
   <action>
     <name>large increase</name>
     <button>1</button>
     <x>-53</x>
     <y>232</y>
     <w>7</w>
     <h>12.5</h>
     <binding>
       <command>property-adjust</command>
       <property>/instrumentation/nav/radials/selected-deg</property>
       <step>5</step>
       <min>0</min>
       <max>360</max>
       <wrap>1</wrap>
     </binding>
   </action>

		VOR 2 Radial adjust  
   <action>
     <name>small decrease</name>
     <button>0</button>
     <x>-60</x>
     <y>134</y>
     <w>7</w>
     <h>12.5</h>
     <binding>
       <command>property-adjust</command>
       <property>/instrumentation/nav[1]/radials/selected-deg</property>
       <step>-1</step>
       <min>0</min>
       <max>360</max>
       <wrap>1</wrap>
     </binding>
   </action>
   
   <action>
     <name>large decrease</name>
     <button>1</button>
     <x>-60</x>
     <y>134</y>
     <w>7</w>
     <h>12.5</h>
     <binding>
       <command>property-adjust</command>
       <property>/instrumentation/nav[1]/radials/selected-deg</property>
       <step>-5</step>
       <min>0</min>
       <max>360</max>
       <wrap>1</wrap>
     </binding>
   </action>
   
   <action>
     <name>small increase</name>
     <button>0</button>
     <x>-53</x>
     <y>134</y>
     <w>7</w>
     <h>12.5</h>
     <binding>
       <command>property-adjust</command>
       <property>/instrumentation/nav[1]/radials/selected-deg</property>
       <step>1</step>
       <min>0</min>
       <max>360</max>
       <wrap>1</wrap>
     </binding>
   </action>
   
   <action>
     <name>large increase</name>
     <button>1</button>
     <x>-53</x>
     <y>134</y>
     <w>7</w>
     <h>12.5</h>
     <binding>
       <command>property-adjust</command>
       <property>/instrumentation/nav[1]/radials/selected-deg</property>
       <step>5</step>
       <min>0</min>
       <max>360</max>
       <wrap>1</wrap>
     </binding>
   </action>

 
             Altimeter 
  
   <action>
     <name>decrease calibrate fine</name>
     <button>0</button>
     <x>-157.5</x>
     <y>231</y>
     <w>7</w>
     <h>12.5</h>
     <binding>
       <command>property-adjust</command>
       <property>/instrumentation/altimeter/setting-inhg</property>
       <step>-0.01</step>
       <min>26.0</min>
       <max>33.0</max>
       <wrap>false</wrap>
     </binding>
   </action>

   <action>
     <name>decrease calibrate coarse</name>
     <button>1</button>
     <x>-157.5</x>
     <y>231</y>
     <w>7</w>
     <h>12.5</h>
     <binding>
       <command>property-adjust</command>
       <property>/instrumentation/altimeter/setting-inhg</property>
       <step>-0.1</step>
      <min>26.0</min>
       <max>33.0</max>
       <wrap>false</wrap>
     </binding>
   </action>

   <action>
     <name>increase calibrate fine</name>
     <button>0</button>
     <x>-150.5</x>
     <y>231</y>
     <w>7</w>
     <h>12.5</h>
     <binding>
       <command>property-adjust</command>
       <property>/instrumentation/altimeter/setting-inhg</property>
       <step>0.01</step>
       <min>26.0</min>
       <max>33.0</max>
       <wrap>false</wrap>
     </binding>
   </action>

   <action>
     <name>increase calibrate coarse</name>
     <button>1</button>
     <x>-150.5</x>
     <y>231</y>
     <w>7</w>
     <h>12.5</h>
     <binding>
       <command>property-adjust</command>
       <property>/instrumentation/altimeter/setting-inhg</property>
       <step>0.1</step>
       <min>26.0</min>
      <max>33.0</max>
       <wrap>false</wrap>
     </binding>
   </action>

		magneto switch		

   <action>
     <name>decrease mags</name>
     <button>0</button>
     <x>-228.0</x>
     <y>-56</y>
     <w>8</w>
     <h>31</h>
     <binding>
       <command>property-adjust</command>
       <property>/controls/engines/engine/magnetos</property>
       <step>-1</step>
       <min>0</min>
       <max>3</max>
     </binding>
   </action>

   <action>
     <name>increase mags</name>
     <button>0</button>
     <x>-220</x>
     <y>-56</y>
     <w>8</w>
     <h>31</h>
     <binding>
       <command>property-adjust</command>
       <property>/controls/engines/engine/magnetos</property>
       <step>1</step>
       <min>0</min>
       <max>3</max>
     </binding>
   </action>

		Starter		
   <action>
     <name>starter</name>
     <button>0</button>
     <x>-212</x>
     <y>-56</y>
     <w>8</w>
     <h>31</h>
   <binding>
     <command>property-assign</command>
     <property>/controls/switches/starter</property>
     <value >1</value>
   </binding>
   <mod-up>
     <binding>
       <command>property-assign</command>
       <property>/controls/switches/starter</property>
       <value>0</value>
     </binding>
   </mod-up>
   </action>

   <action>
     <name>carb heat</name>
     <button>0</button>
     <x>101</x>
     <y>-42</y>
     <w>16</w>
     <h>59</h>
     <binding>
   <command>nasal</command>
   <script>pa28.carb_heat()</script>
     </binding>
   </action>   

   <action>
     <name>ParkingBrake</name>
     <button>0</button>
     <x>-70</x>
     <y>-171</y>
     <w>16</w>
     <h>50</h>
     <binding>
      <command>nasal</command>
      <script>controls.applyParkingBrake(1)</script>
     </binding>
   </action>   

<!-- kt70 Controls -->

    <action>
      <name>func-L-0</name>
      <button>0</button>
      <repeatable>true</repeatable>
      <interval-sec>1</interval-sec>
      <x>340</x>
      <y>275</y>
      <w>10</w>
      <h>16</h>
      <binding>
        <command>property-adjust</command>
        <property>instrumentation/kt-70/inputs/func-knob</property>
        <step>-1</step>
        <min>0</min>
        <max>5</max>
        <wrap>false</wrap>
      </binding>
    </action>
    <action>
      <name>func-L-3</name>
      <button>3</button>
      <repeatable>false</repeatable>
      <x>340</x>
      <y>275</y>
      <w>10</w>
      <h>16</h>
      <binding>
        <command>property-adjust</command>
        <property>instrumentation/kt-70/inputs/func-knob</property>
        <step>-1</step>
        <min>0</min>
        <max>5</max>
        <wrap>false</wrap>
      </binding>
    </action>
    <action>
      <name>func-L-4</name>
      <button>4</button>
      <repeatable>false</repeatable>
      <x>340</x>
      <y>275</y>
      <w>10</w>
      <h>16</h>
      <binding>
        <command>property-adjust</command>
        <property>instrumentation/kt-70/inputs/func-knob</property>
        <step>1</step>
        <min>0</min>
        <max>5</max>
        <wrap>false</wrap>
      </binding>
    </action>

    <action>
      <name>func-R-0</name>
      <button>0</button>
      <repeatable>true</repeatable>
      <interval-sec>1</interval-sec>
      <x>350</x>
      <y>275</y>
      <w>10</w>
      <h>16</h>
      <binding>
        <command>property-adjust</command>
        <property>instrumentation/kt-70/inputs/func-knob</property>
        <step>1</step>
        <min>0</min>
        <max>5</max>
        <wrap>false</wrap>
      </binding>
    </action>
    <action>
      <name>func-R-3</name>
      <button>3</button>
      <repeatable>false</repeatable>
      <x>350</x>
      <y>275</y>
      <w>10</w>
      <h>16</h>
      <binding>
        <command>property-adjust</command>
        <property>instrumentation/kt-70/inputs/func-knob</property>
        <step>-1</step>
        <min>0</min>
        <max>5</max>
        <wrap>false</wrap>
      </binding>
    </action>
    <action>
      <name>func-R-4</name>
      <button>4</button>
      <repeatable>false</repeatable>
      <x>350</x>
      <y>275</y>
      <w>10</w>
      <h>16</h>
      <binding>
        <command>property-adjust</command>
        <property>instrumentation/kt-70/inputs/func-knob</property>
        <step>1</step>
        <min>0</min>
        <max>5</max>
        <wrap>false</wrap>
      </binding>
    </action>

<!-- Number1 -->

    <action>
      <name>digit1-L-0</name>
      <button>0</button>
      <repeatable>true</repeatable>
      <interval-sec>0.5</interval-sec>
      <x>227</x>
      <y>259</y>
      <w>10</w>
      <h>16</h>
      <binding>
        <command>property-adjust</command>
        <property>instrumentation/kt-70/inputs/digit1</property>
        <step>-1</step>
        <min>0</min>
        <max>8</max>
        <wrap>true</wrap>
      </binding>
    </action>
    <action>
      <name>digit1-L-3</name>
      <button>3</button>
      <repeatable>true</repeatable>
      <interval-sec>0.5</interval-sec>
      <x>227</x>
      <y>259</y>
      <w>10</w>
      <h>16</h>
      <binding>
        <command>property-adjust</command>
        <property>instrumentation/kt-70/inputs/digit1</property>
        <step>-1</step>
        <min>0</min>
        <max>8</max>
        <wrap>true</wrap>
      </binding>
    </action>
    <action>
      <name>digit1-L-4</name>
      <button>4</button>
      <repeatable>true</repeatable>
      <interval-sec>0.5</interval-sec>
      <x>227</x>
      <y>259</y>
      <w>10</w>
      <h>16</h>
      <binding>
        <command>property-adjust</command>
        <property>instrumentation/kt-70/inputs/digit1</property>
        <step>1</step>
        <min>0</min>
        <max>8</max>
        <wrap>true</wrap>
      </binding>
    </action>

    <action>
      <name>digit1-R-0</name>
      <button>0</button>
      <repeatable>true</repeatable>
      <interval-sec>0.5</interval-sec>
      <x>237</x>
      <y>259</y>
      <w>10</w>
      <h>16</h>
      <binding>
        <command>property-adjust</command>
        <property>instrumentation/kt-70/inputs/digit1</property>
        <step>1</step>
        <min>0</min>
        <max>8</max>
        <wrap>true</wrap>
      </binding>
    </action>
    <action>
      <name>digit1-R-3</name>
      <button>3</button>
      <repeatable>true</repeatable>
      <interval-sec>0.5</interval-sec>
      <x>237</x>
      <y>259</y>
      <w>10</w>
      <h>16</h>
      <binding>
        <command>property-adjust</command>
        <property>instrumentation/kt-70/inputs/digit1</property>
        <step>-1</step>
        <min>0</min>
        <max>8</max>
        <wrap>true</wrap>
      </binding>
    </action>
    <action>
      <name>digit1-R-4</name>
      <button>4</button>
      <repeatable>true</repeatable>
      <interval-sec>0.5</interval-sec>
      <x>237</x>
      <y>259</y>
      <w>10</w>
      <h>16</h>
      <binding>
        <command>property-adjust</command>
        <property>instrumentation/kt-70/inputs/digit1</property>
        <step>1</step>
        <min>0</min>
        <max>8</max>
        <wrap>true</wrap>
      </binding>
    </action>

<!-- Number2 -->

    <action>
      <name>digit2-L-0</name>
      <button>0</button>
      <repeatable>true</repeatable>
      <interval-sec>0.5</interval-sec>
      <x>257</x>
      <y>259</y>
      <w>10</w>
      <h>16</h>
      <binding>
        <command>property-adjust</command>
        <property>instrumentation/kt-70/inputs/digit2</property>
        <step>-1</step>
        <min>0</min>
        <max>8</max>
        <wrap>true</wrap>
      </binding>
    </action>
    <action>
      <name>digit2-L-3</name>
      <button>3</button>
      <repeatable>true</repeatable>
      <interval-sec>0.5</interval-sec>
      <x>257</x>
      <y>259</y>
      <w>10</w>
      <h>16</h>
      <binding>
        <command>property-adjust</command>
        <property>instrumentation/kt-70/inputs/digit2</property>
        <step>-1</step>
        <min>0</min>
        <max>8</max>
        <wrap>true</wrap>
      </binding>
    </action>
    <action>
      <name>digit2-L-4</name>
      <button>4</button>
      <repeatable>true</repeatable>
      <interval-sec>0.5</interval-sec>
      <x>257</x>
      <y>259</y>
      <w>10</w>
      <h>16</h>
      <binding>
        <command>property-adjust</command>
        <property>instrumentation/kt-70/inputs/digit2</property>
        <step>1</step>
        <min>0</min>
        <max>8</max>
        <wrap>true</wrap>
      </binding>
    </action>

    <action>
      <name>digit2-R-0</name>
      <button>0</button>
      <repeatable>true</repeatable>
      <interval-sec>0.5</interval-sec>
      <x>267</x>
      <y>259</y>
      <w>10</w>
      <h>16</h>
      <binding>
        <command>property-adjust</command>
        <property>instrumentation/kt-70/inputs/digit2</property>
        <step>1</step>
        <min>0</min>
        <max>8</max>
        <wrap>true</wrap>
      </binding>
    </action>
    <action>
      <name>digit2-R-3</name>
      <button>3</button>
      <repeatable>true</repeatable>
      <interval-sec>0.5</interval-sec>
      <x>267</x>
      <y>259</y>
      <w>10</w>
      <h>16</h>
      <binding>
        <command>property-adjust</command>
        <property>instrumentation/kt-70/inputs/digit2</property>
        <step>-1</step>
        <min>0</min>
        <max>8</max>
        <wrap>true</wrap>
      </binding>
    </action>
    <action>
      <name>digit2-R-4</name>
      <button>4</button>
      <repeatable>true</repeatable>
      <interval-sec>0.5</interval-sec>
      <x>267</x>
      <y>259</y>
      <w>10</w>
      <h>16</h>
      <binding>
        <command>property-adjust</command>
        <property>instrumentation/kt-70/inputs/digit2</property>
        <step>1</step>
        <min>0</min>
        <max>8</max>
        <wrap>true</wrap>
      </binding>
    </action>

<!-- Number3 -->

    <action>
      <name>digit3-L-0</name>
      <button>0</button>
      <repeatable>true</repeatable>
      <interval-sec>0.5</interval-sec>
      <x>287</x>
      <y>259</y>
      <w>10</w>
      <h>16</h>
      <binding>
        <command>property-adjust</command>
        <property>instrumentation/kt-70/inputs/digit3</property>
        <step>-1</step>
        <min>0</min>
        <max>8</max>
        <wrap>true</wrap>
      </binding>
    </action>
    <action>
      <name>digit3-L-3</name>
      <button>3</button>
      <repeatable>true</repeatable>
      <interval-sec>0.5</interval-sec>
      <x>287</x>
      <y>259</y>
      <w>10</w>
      <h>16</h>
      <binding>
        <command>property-adjust</command>
        <property>instrumentation/kt-70/inputs/digit3</property>
        <step>-1</step>
        <min>0</min>
        <max>8</max>
        <wrap>true</wrap>
      </binding>
    </action>
    <action>
      <name>digit3-L-4</name>
      <button>4</button>
      <repeatable>true</repeatable>
      <interval-sec>0.5</interval-sec>
      <x>287</x>
      <y>259</y>
      <w>10</w>
      <h>16</h>
      <binding>
        <command>property-adjust</command>
        <property>instrumentation/kt-70/inputs/digit3</property>
        <step>1</step>
        <min>0</min>
        <max>8</max>
        <wrap>true</wrap>
      </binding>
    </action>

    <action>
      <name>digit3-R-0</name>
      <button>0</button>
      <repeatable>true</repeatable>
      <interval-sec>0.5</interval-sec>
      <x>297</x>
      <y>259</y>
      <w>10</w>
      <h>16</h>
      <binding>
        <command>property-adjust</command>
        <property>instrumentation/kt-70/inputs/digit3</property>
        <step>1</step>
        <min>0</min>
        <max>8</max>
        <wrap>true</wrap>
      </binding>
    </action>
    <action>
      <name>digit3-R-3</name>
      <button>3</button>
      <repeatable>true</repeatable>
      <interval-sec>0.5</interval-sec>
      <x>297</x>
      <y>259</y>
      <w>10</w>
      <h>16</h>
       <binding>
        <command>property-adjust</command>
        <property>instrumentation/kt-70/inputs/digit3</property>
        <step>-1</step>
        <min>0</min>
        <max>8</max>
        <wrap>true</wrap>
      </binding>
    </action>
    <action>
      <name>digit3-R-4</name>
      <button>4</button>
      <repeatable>true</repeatable>
      <interval-sec>0.5</interval-sec>
      <x>297</x>
      <y>259</y>
      <w>10</w>
      <h>16</h>
       <binding>
        <command>property-adjust</command>
        <property>instrumentation/kt-70/inputs/digit3</property>
        <step>1</step>
        <min>0</min>
        <max>8</max>
        <wrap>true</wrap>
      </binding>
    </action>

<!-- Number4 -->

    <action>
      <name>digit4-L-0</name>
      <button>0</button>
      <repeatable>true</repeatable>
      <interval-sec>0.5</interval-sec>
      <x>317</x>
      <y>259</y>
      <w>10</w>
      <h>16</h>
       <binding>
        <command>property-adjust</command>
        <property>instrumentation/kt-70/inputs/digit4</property>
        <step>-1</step>
        <min>0</min>
        <max>8</max>
        <wrap>true</wrap>
      </binding>
    </action>
    <action>
      <name>digit4-L-3</name>
      <button>3</button>
      <repeatable>true</repeatable>
      <interval-sec>0.5</interval-sec>
      <x>317</x>
      <y>259</y>
      <w>10</w>
      <h>16</h>
       <binding>
        <command>property-adjust</command>
        <property>instrumentation/kt-70/inputs/digit4</property>
        <step>-1</step>
        <min>0</min>
        <max>8</max>
        <wrap>true</wrap>
      </binding>
    </action>
    <action>
      <name>digit4-L-4</name>
      <button>4</button>
      <repeatable>true</repeatable>
      <interval-sec>0.5</interval-sec>
      <x>317</x>
      <y>259</y>
      <w>10</w>
      <h>16</h>
       <binding>
        <command>property-adjust</command>
        <property>instrumentation/kt-70/inputs/digit4</property>
        <step>1</step>
        <min>0</min>
        <max>8</max>
        <wrap>true</wrap>
      </binding>
    </action>

    <action>
      <name>digit4-R-0</name>
      <button>0</button>
      <repeatable>true</repeatable>
      <interval-sec>0.5</interval-sec>
      <x>327</x>
      <y>259</y>
      <w>10</w>
      <h>16</h>
       <binding>
        <command>property-adjust</command>
        <property>instrumentation/kt-70/inputs/digit4</property>
        <step>1</step>
        <min>0</min>
        <max>8</max>
        <wrap>true</wrap>
      </binding>
    </action>
    <action>
      <name>digit4-R-3</name>
      <button>3</button>
      <repeatable>true</repeatable>
      <interval-sec>0.5</interval-sec>
      <x>327</x>
      <y>259</y>
      <w>10</w>
      <h>16</h>
      <binding>
        <command>property-adjust</command>
        <property>instrumentation/kt-70/inputs/digit4</property>
        <step>-1</step>
        <min>0</min>
        <max>8</max>
        <wrap>true</wrap>
      </binding>
    </action>
    <action>
      <name>digit4-R-4</name>
      <button>4</button>
      <repeatable>true</repeatable>
      <interval-sec>0.5</interval-sec>
      <x>327</x>
      <y>259</y>
      <w>10</w>
      <h>16</h>
      <binding>
        <command>property-adjust</command>
        <property>instrumentation/kt-70/inputs/digit4</property>
        <step>1</step>
        <min>0</min>
        <max>8</max>
        <wrap>true</wrap>
      </binding>
    </action>

<!-- ident -->

    <action>
      <name>ident-btn</name>
      <button>0</button>
      <repeatable>false</repeatable>
      <x>217</x>
      <y>287</y>
      <w>10</w>
      <h>6</h>
      <binding>
        <command>property-assign</command>
        <property>instrumentation/kt-70/inputs/ident-btn</property>
        <value>true</value>
      </binding>
      <mod-up>
        <binding>
          <command>property-assign</command>
          <property>instrumentation/kt-70/inputs/ident-btn</property>
          <value>false</value>
        </binding>
      </mod-up>
    </action>

<!-- vfr -->

    <action>
      <name>vfr-btn</name>
      <button>0</button>
      <repeatable>false</repeatable>
      <x>347</x>
      <y>261.5</y>
      <w>10</w>
      <h>6</h>
      <binding>
        <command>property-assign</command>
        <property>instrumentation/kt-70/inputs/digit1</property>
        <value>1</value>
      </binding>
      <binding>
        <command>property-assign</command>
        <property>instrumentation/kt-70/inputs/digit2</property>
        <value>2</value>
      </binding>
      <binding>
        <command>property-assign</command>
        <property>instrumentation/kt-70/inputs/digit3</property>
        <value>0</value>
      </binding>
      <binding>
        <command>property-assign</command>
        <property>instrumentation/kt-70/inputs/digit4</property>
        <value>0</value>
      </binding>
    </action>

  </actions>

 </instrument>

</instruments>

</PropertyList>
