<?xml version="1.0"?>

<PropertyList>

 <path>SwitchPanel.ac</path>

    <panel>
        <path>Aircraft/EMB-712/Panel/Switch-Panel_Panel.xml</path>
        <bottom-left>
            <x-m>0.001</x-m>
            <y-m>-0.08742</y-m>
            <z-m>-0.01986</z-m>
        </bottom-left>
        <bottom-right>
            <x-m>0.001</x-m>
            <y-m>0.08742</y-m>
            <z-m>-0.01986</z-m>
        </bottom-right>
        <top-left>
            <x-m>0.001</x-m>
            <y-m>-0.08742</y-m>
            <z-m>0.01986</z-m>
        </top-left>
    </panel>

 <animation>
  <type>material</type>
  <object-name>Bezel</object-name>
  <object-name>NavDimmer</object-name>
  <object-name>PanelDimmer</object-name>
  <object-name>BAT.sw</object-name>
  <object-name>ALT.sw</object-name>
  <object-name>FuelPump</object-name>
  <object-name>LandingLight</object-name>
  <object-name>AntiCollLight.Fin</object-name>
  <object-name>AntiCollLight.Wing</object-name>
  <object-name>PitotHeat</object-name>
  <emission>
   <red>0.45</red>
   <green>0.09</green>
   <blue>0.00001</blue>
   <factor-prop>/sim/model/material/instruments/factor</factor-prop>
  </emission>
 </animation>

 <animation>
  <type>rotate</type>
  <object-name>NavDimmer</object-name>
  <property>controls/switches/nav-lights</property>
  <factor>120</factor>
  <axis>
   <x>-0.00578</x>
   <y>1.0</y>
   <z>0.0</z>
  </axis>
  <center>
   <x-m>-0.00578</x-m>
   <y-m>0.0</y-m>
   <z-m>0.0</z-m>
  </center>
 </animation>

 <animation>
  <type>rotate</type>
  <object-name>BAT.sw</object-name>
  <property>controls/electric/battery-switch</property>
  <factor>30</factor>
  <axis>
   <x>0.0</x>
   <y>-1.0</y>
   <z>0.0</z>
  </axis>
  <center>
   <x-m>0.0</x-m>
   <y-m>0.0</y-m>
   <z-m>-0.0</z-m>
  </center>
 </animation>

 <animation>
  <type>rotate</type>
  <object-name>ALT.sw</object-name>
  <property>controls/electric/alternator-switch</property>
  <factor>30</factor>
  <axis>
   <x>0.0</x>
   <y>-1.0</y>
   <z>0.0</z>
  </axis>
  <center>
   <x-m>0.0</x-m>
   <y-m>0.0</y-m>
   <z-m>0.0</z-m>
  </center>
 </animation>

 <animation>
  <type>rotate</type>
  <object-name>FuelPump</object-name>
  <property>controls/engines/engine/fuel-pump</property>
  <factor>30</factor>
  <axis>
   <x>0.0</x>
   <y>-1.0</y>
   <z>0.0</z>
  </axis>
  <center>
   <x-m>0.0</x-m>
   <y-m>0.0</y-m>
   <z-m>-0.0</z-m>
  </center>
 </animation>

 <animation>
  <type>rotate</type>
  <object-name>LandingLight</object-name>
  <property>controls/switches/landing-light</property>
  <factor>30</factor>
  <axis>
   <x>0.0</x>
   <y>-1.0</y>
   <z>0.0</z>
  </axis>
  <center>
   <x-m>0.0</x-m>
   <y-m>0.0</y-m>
   <z-m>-0.0</z-m>
  </center>
 </animation>
<!--
  <animation>
  <type>rotate</type>
  <object-name>TurnBankToggle</object-name>
  <property>instrumentation/turn-indicator/serviceable</property>
  <factor>40</factor>
  <axis>
   <x>0.0</x>
   <y>-1.0</y>
   <z>0.0</z>
  </axis>
<center>
 <x-m>2.125</x-m>
   <y-m>0.0</y-m>
   <z-m>-0.028</z-m>
</center>
 </animation>
-->
  <animation>
  <type>rotate</type>
  <object-name>AntiCollLight.Fin</object-name>
  <property>controls/switches/flashing-beacon</property>
  <factor>30</factor>
  <axis>
   <x>0.0</x>
   <y>-1.0</y>
   <z>0.0</z>
  </axis>
<center>
 <x-m>0.0</x-m>
   <y-m>0.00</y-m>
   <z-m>-0.0</z-m>
</center>
 </animation>

 <animation>
   <type>rotate</type>
   <object-name>AntiCollLight.Wing</object-name>
   <property>controls/switches/strobe-lights</property>
   <factor>30</factor>
   <axis>
     <x>0.0</x>
     <y>-1.0</y>
     <z>0.0</z>
   </axis>
   <center>
     <x-m>0.0</x-m>
     <y-m>0.00</y-m>
     <z-m>-0.0</z-m>
   </center>
 </animation>

 <animation>
  <type>rotate</type>
  <object-name>PitotHeat</object-name>
  <property>controls/anti-ice/pitot-heat</property>
  <factor>30</factor>
  <axis>
   <x>0.0</x>
   <y>-1.0</y>
   <z>0.0</z>
  </axis>
  <center>
   <x-m>0.0</x-m>
   <y-m>0.0</y-m>
   <z-m>-0.0</z-m>
  </center>
 </animation>

 <animation>
   <type>rotate</type>
   <object-name>PanelDimmer</object-name>
   <property>controls/switches/panel-lights-factor</property>
   <factor>70</factor>
   <axis>
     <x>0.0</x>
     <y>1.0</y>
     <z>0.0</z>
   </axis>
   <center>
     <x-m>-0.00578</x-m>
     <y-m>0.00</y-m>
     <z-m>-0.0</z-m>
   </center>
 </animation>
  
</PropertyList>


