<?xml version="1.0"?>

<airplane mass="1480">

<!-- Approach configuration -->
<approach speed="45" aoa="14" fuel="1.0">
  <control-setting axis="/controls/engines/engine[0]/throttle" value="0.0"/>
  <control-setting axis="/controls/engines/engine[0]/mixture" value="1.0"/>
  <control-setting axis="/controls/flight/flaps" value="0.0"/>
  <solve-weight idx="0" weight="170"/>
  <solve-weight idx="1" weight="170"/>
  <solve-weight idx="2" weight="100"/>
  <solve-weight idx="3" weight="100"/>
  <solve-weight idx="4" weight="115"/>
</approach>

<!-- Cruise configuration -->
<cruise speed="122" alt="7500" fuel="1.0">
  <control-setting axis="/controls/engines/engine[0]/throttle" value="1.0"/>
  <control-setting axis="/controls/engines/engine[0]/mixture" value="0.6"/>
  <control-setting axis="/controls/flight/flaps" value="0.0"/>
  <solve-weight idx="0" weight="170"/>
  <solve-weight idx="1" weight="170"/>
  <solve-weight idx="2" weight="100"/>
  <solve-weight idx="3" weight="100"/>
  <solve-weight idx="4" weight="115"/>
</cruise>

<cockpit x="-2.5" y=".33" z="0.6"/>

<fuselage ax="0.5" ay="0" az="0" bx="-7.75" by="0" bz="0"
          width="1.5" taper="0.2" midpoint="0.3"/>

<wing x="-2.75" y="0.6" z="-0.75" taper="0.65" incidence="-2" twist="2"
      length="4.5" chord="1.65" sweep="0" dihedral="5" camber="0.1">
  <stall aoa="18" width="2.0" peak="1.5"/>
  <flap0 start="0" end="0.5" lift="1.5" drag="1.5"/>
  <flap1 start="0.5" end="1.0" lift="1.2" drag="1.2"/>
  <control-input axis="/controls/flight/flaps" control="FLAP0"/>
  <control-input axis="/controls/flight/aileron_in" control="FLAP1" split="true"/>
  <control-input axis="/controls/flight/aileron-trim" control="FLAP1" split="true"/>
  <control-output control="FLAP0" prop="/surface-positions/flap-pos-norm"/>
  <control-output control="FLAP1" side="left"
		  prop="/surface-positions/left-aileron-pos-norm"/>
  <control-output control="FLAP1" side="right"
		  prop="/surface-positions/right-aileron-pos-norm"/>
</wing>

<hstab x="-6.5" y="0.00" z=".15" taper="1.0" effectiveness="2" incidence="1"
       length="1.9" chord="0.9" sweep="0">
  <stall aoa="17" width="4" peak="1.5"/>
  <flap0 start="0" end="1" lift="1.65" drag="1.2"/>
  <control-input axis="/controls/flight/elevator_in" control="FLAP0"/>
  <control-input axis="/controls/flight/elevator-trim" control="FLAP0"/>
  <control-output control="FLAP0" prop="/surface-positions/elevator-pos-norm"/>
</hstab>

<vstab x="-6.25" y="0" z=".3" taper=".5"
       length="1.2" chord="1.2" sweep="10">
  <stall aoa="16" width="4" peak="1.5"/>
  <flap0 start="0" end="1" lift="1.3" drag="1.1"/>
  <control-input axis="/controls/flight/rudder" control="FLAP0" invert="true"/>
  <control-input axis="/controls/flight/rudder-trim" control="FLAP0" invert="true"/>
  <control-output control="FLAP0" prop="/surface-positions/rudder-pos-norm"
		  min="1" max="-1"/>
</vstab>

<propeller radius="1.0"
	   cruise-speed="127" cruise-rpm="2700"
           cruise-alt="8000" cruise-power="120"
           takeoff-power="164" takeoff-rpm="2500"
           x="-1" y="0" z="0" mass="400" moment="4">
  <piston-engine eng-rpm="2800" alt="0" eng-power="180"
     displacement="360" compression="8.5"/>
  <actionpt x="0" y="0" z="0"/>
  <control-input axis="/controls/engines/engine[0]/throttle" control="THROTTLE"/>
  <control-input axis="/controls/engines/engine[0]/starter" control="STARTER"/>
  <control-input axis="/controls/engines/engine[0]/magnetos" control="MAGNETOS"/>
  <control-input axis="/controls/engines/engine[0]/mixture" control="MIXTURE"/>
</propeller>

<gear x="-1.05849" y="0" z="-1.07295" compression=".15"> <!-- nose -->
  <control-input axis="/controls/flight/rudder" control="STEER"
                 src0="-1.0" src1="1.0"
                 dst0="-0.1" dst1="0.1"/>
</gear>

<gear x="-2.77504" y="1.5" z="-1.06979" compression=".15"> <!-- left main -->
  <control-input axis="/controls/gear/brake-left" control="BRAKE" split="true"/>
  <control-input axis="/controls/gear/brake-parking" control="BRAKE" split="true"/>
</gear>

<gear x="-2.77504" y="-1.5" z="-1.06979" compression=".15"> <!-- left main -->
  <control-input axis="/controls/gear/brake-right" control="BRAKE" split="true"/>
  <control-input axis="/controls/gear/brake-parking" control="BRAKE" split="true"/>
</gear>

<tank x="-2.4" y="1.5" z="-0.25" capacity="144"/> 
<tank x="-2.4" y="-1.5" z="-0.25" capacity="144"/> 

<ballast x="-2.0" y="0" z="0" mass="400"/> <!-- cockpit -->

<!-- Pilot, copilot, left passenger, right passenger, baggage -->
<weight x="-2.05" y=".33" z="0" mass-prop="/sim/weight[0]/weight-lb"/>
<weight x="-2.05" y="-.33" z="0" mass-prop="/sim/weight[1]/weight-lb"/>
<weight x="-3.00" y="-.33" z="0" mass-prop="/sim/weight[2]/weight-lb"/>
<weight x="-3.00" y="-.33" z="0" mass-prop="/sim/weight[3]/weight-lb"/>
<weight x="-3.63" y="0" z="0" mass-prop="/sim/weight[4]/weight-lb"/>

</airplane>
