<?xml version="1.0" encoding="iso-8859-1"?>
  <PropertyList> 
  <help>
   <title>Embraer EMB-712 Tupi</title>
   <key>
    <name>f</name>
    <desc>fuel tank select</desc>
   </key>
   <key>
    <name>~</name>
    <desc>toggle nav lights</desc>
   </key>
   <key>
    <name>!</name>
    <desc>toggle master battery switch</desc>
   </key>
   <key>
    <name>@</name>
    <desc>toggle toggle master alternator switch</desc>
   </key>
   <key>
    <name>#</name>
    <desc>toggle fuel pump</desc>
   </key>
   <key>
    <name>$</name>
    <desc>toggle landing lights</desc>
   </key>
   <key>
    <name>%</name>
    <desc>toggle rotating beacon</desc>
   </key>
   <key>
    <name>^</name>
    <desc>toggle anti-collision lights</desc>
   </key>
   <key>
    <name>*</name>
    <desc>toggle pitot heat</desc>
   </key>
   <key>
    <name>(</name>
    <desc>turn on and/or decrease panel lights</desc>
   </key>
   <key>
    <name>9</name>
    <desc>increase and/or turn off panel lights</desc>
   </key>
   <key>
    <name>h</name>
    <desc>toggle carburator heat</desc>
   </key>
   <key>
    <name>ctrl-P</name>
    <desc>toggle primer pump</desc>
   </key>
   <key>
    <name>B</name>
    <desc>toggle parking brake</desc>
   </key>
   <key>
    <name>s</name>
    <desc>starter</desc>
   </key>

      <line>All switches and controls (except yoke and pedals) can be operated via "hot-spots"</line>
      <line>Type Ctrl-C to display mouse "hot-spots"</line>
      <line></line>
      <line>Start Routine</line>
      <line> 1. fuel on most full main ("f" toggles selector on left side)</line>
      <line> 2. all toggles OFF</line>
      <line> 3. battery master switch to ON ("!" toggles battery master switch)</line>
      <line> 4. alternator master switch to ON ("@" toggles battery master switch)</line>
      <line> 5. electric fuel pump ON ("#" toggles fuel pump switch)</line>
      <line> 6. operate primer pump three times then locked (ctrl-P cycles primer)</line>
      <line> 7. "CLEAR PROP"</line>
      <line> 8. key to start ("s" engages starter)</line>
      <line> 9. pitot heat ON if IFR ("*" toggles pitot heat switch)</line>
      <line>10. beacon ("%"), nav lights ("~"), strobe lights ("^") ON as required</line>
      <line>11. landing light if night ("$" toggles landing light switch)</line>
      <line>12. release parking brake ("B" releases brake)</line>
      <line></line>
      <line>Take-Off Check List on Panel</line>
      <line></line>
      <line>Landing Check List on Panel</line>
  </help>

  </PropertyList>
