<?xml version="1.0"?>

<PropertyList>

  <path>RedLight.ac</path>

  <animation>
    <type>noshadow</type>
    <object-name>Light</object-name>
  </animation>

  <animation>
    <type>alpha-test</type>
    <alpha-factor>0.01</alpha-factor>
  </animation>

  <animation>
    <type>billboard</type>
    <object-name>Light</object-name>
    <spherical type="bool">true</spherical>
  </animation>

  <animation>
    <type>select</type>
    <object-name>Light</object-name>
    <condition>
    	<and>
			<property>/controls/lighting/nav-lights</property>
    		<not>
				<property>/sim/crashed</property>
    		</not>
    	</and>      
    </condition>
  </animation>
  
  
  <animation>
    <type>material</type>
    <object-name>Light</object-name>
    <emission>
      <red>   1.0 </red>
      <green> 1.0 </green>
      <blue>  1.0 </blue>
      <factor-prop>/systems/electrical/outputs/instrument-lights</factor-prop>
    </emission>
  </animation>

  <animation>
    <type>dist-scale</type>
    <object-name>Light</object-name>
    <interpolation>
      <entry>
        <ind>0</ind>
        <dep>1</dep>
      </entry>
      <entry>
        <ind>300</ind>
        <dep>4</dep>
      </entry>
      <entry>
        <ind>1500</ind>
        <dep>8</dep>
      </entry>
      <entry>
        <ind>6000</ind>
        <dep>12</dep>
      </entry>
      <entry>
        <ind>12000</ind>
        <dep>16</dep>
      </entry>
    </interpolation>
  </animation>

</PropertyList>
